INSERT INTO CUSTOMER (ID, USER_NAME, EMAIL, NAME, SURNAME, DATE_OF_BIRTH, TELEPHONE_NUMBER) VALUES
(1, 'dmcgettrick0', 'dmcgettrick0@infoseek.cjp', 'Dorris', 'McGettrick', '1986-11-18', '90-261-3997'),
(2, 'gseaking1', 'gseaking1@wikipedia.org', 'Gretchen', 'Seaking', '1983-2-25', null),
(3, 'lthurnham2', 'lthurnham2@php.net', 'Libbey', 'Thurnham', '1986-11-15', null),
(4, 'mmattiessen3', 'mmattiessen3@theatlantic.com', 'Melantha', 'Mattiessen', '1958-3-20', '05-261-4382'),
(5, 'aohearn4', 'aohearn4@behance.net', 'Antonius', 'OHearn', '1972-3-30', null),
(6, 'obaynes5', 'obaynes5@fc2.com', 'Osbourn', 'Baynes', '1975-7-8', '12-002-6618'),
(7, 'btiffney6', 'btiffney6@spotify.com', 'Baxie', 'Tiffney', '1976-5-8', null),
(8, 'afirsby7', 'afirsby7@skype.com', 'Alasteir', 'Firsby', '1940-12-12', '23-128-8804'),
(9, 'gcrawcour8', 'gcrawcour8@bbc.couk', 'Grethel', 'Crawcour', '1995-10-15', null),
(10, 'ceggers9', 'ceggers9@ebay.com', 'Cathryn', 'Eggers', '1991-2-14', null),
(11, 'llembkea', 'llembkea@irs.gov', 'Legra', 'Lembke', '1982-5-1', '40-127-7262'),
(12, 'blandegb', 'blandegb@about.me', 'Barb', 'Landeg', '2010-7-15', null),
(13, 'cvinickc', 'cvinickc@latimes.com', 'Colin', 'Vinick', '2003-10-22', null),
(14, 'edetoiled', 'edetoiled@shoppro.jp', 'Emerson', 'Detoile', '1996-12-24', null),
(15, 'gbeetone', 'gbeetone@dot.gov', 'Genevra', 'Beeton', '1940-10-22', '80-278-6481'),
(16, 'wsimeonif', 'wsimeonif@webmd.com' 'Welby', 'Simeoni', '1983-3-15', '26-037-2470'),
(17, 'aaloshiking', 'aaloshiking@dropbox.com', 'Aloysius', 'Aloshikin', '1989-9-26', '43-671-4386'),
(18, 'tgerretsh', 'tgerretsh@bloomberg.com', 'Thatcher', 'Gerrets', '2005-2-6', null),
(19, 'zwroathi', 'zwroathi@liveinternet.ru', 'Zorah', 'Wroath', '1966-1-21', null),
(20, 'aculshawj', 'aculshawj@ca.gov', 'Amanda', 'Culshaw', '1981-4-10', null),
(21, 'ggammadek', 'ggammadek@canalblog.com', 'Giselbert', 'Gammade', '1986-9-25', '16-398-7283'),
(22, 'hdespenserl', 'hdespenserl@jalbum.net', 'Hildy', 'Despenser', '1954-1-9', '63-639-7456'),
(23, 'cperrygom', 'cperrygom@linkedin.com', 'Cordie', 'Perrygo', '1967-8-12', '21-597-1176'),
(24, 'ecartmann', 'ecartmann@chicagotribune.com', 'Edi', 'Cartman', '1946-5-9', '49-677-1403'),
(25, 'gbasilottao', 'gbasilottao@home.pl', 'Gustaf', 'Basilotta', '1991-5-8', '32-611-2606'),
(26, 'cpettitp', 'cpettitp@a8.net', 'Clement', 'Pettit', '1983-3-1', '09-202-8766'),
(27, 'fgruteq', 'fgruteq@fotki.com', 'Fiorenze', 'Grute', '1945-1-21', '59-752-8315'),
(28, 'dglassardr', 'dglassardr@sfgate.com', 'Drusi', 'Glassard', '1988-1-14', '22-774-0427'),
(29, 'bbooles', 'bbooles@google.cojp', 'Buddie', 'Boole', '1941-8-16', null),
(30, 'pgauchiert', 'pgauchiert@omniture.com', 'Pryce', 'Gauchier', '1983-5-29', null),
(31, 'xcollsu', 'xcollsu@ovh.net', 'Xymenes', 'Colls', '2013-5-25', '77-700-5658'),
(32, 'shawkshawv', 'shawkshawv@nsw.govau', 'Sondra', 'Hawkshaw', '1991-11-16', null),
(33, 'rhegelw', 'rhegelw@ucsd.edu', 'Roderigo', 'Hegel', '1944-5-8', '85-984-1841'),
(34, 'kperrix', 'kperrix@tripod.com', 'Kerry', 'Perri', '1947-5-2', null),
(35, 'bhaggerstony', 'bhaggerstony@businessweek.com', 'Bordy', 'Haggerston', '2013-11-29', '03-824-4638'),
(36, 'fandrivelz', 'fandrivelz@samsung.com', 'Fae', 'Andrivel', '1965-8-5', '17-192-9483'),
(37, 'gitzcovichch10', 'gitzcovichch10@chronoengine.com', 'Gerri', 'Itzcovichch', '2016-3-4', '75-750-8712'),
(38, 'cdudden11', 'cdudden11@pinterest.com', 'Celine', 'Dudden', '1990-12-28', '45-801-5859'),
(39, 'ktriner12', 'ktriner12@japanpost.jp', 'Kermit', 'Triner', '1986-8-1', '88-296-5418'),
(40, 'hhendriks13', 'hhendriks13@businessinsider.com', 'Hube', 'Hendriks', '1983-2-26', '48-613-1994'),
(41, 'jsuarez14', 'jsuarez14@weebly.com', 'Jerome', 'Suarez', '1943-8-26', null),
(42, 'fjertz15', 'fjertz15@amazon.cuk', 'Florian', 'Jertz', '1948-9-7', null),
(43, 'acassell16', 'acassell16@sogou.com', 'Arlyne', 'Cassell', '1971-7-24', '49-875-5954'),
(44, 'vavery17', 'vavery17@bing.com', 'Verne', 'Avery', '1977-6-3', null),
(45, 'slathleiffure18', 'slathleiffure18@deviantart.com', 'Sue', 'Lathleiffure', '2000-9-8', null),
(46, 'hcasely19', 'hcasely19@mapquest.com', 'Hal', 'Casely', '2000-7-12', '03-671-8117'),
(47, 'cwrightson1a', 'cwrightson1a@netvibes.com', 'Cristy', 'Wrightson', '1997-2-16', '39-020-7981'),
(48, 'aminton1b', 'aminton1b@creativecommons.org', 'Andras', 'Minton', '2019-2-27', null),
(49, 'mbatters1c', 'mbatters1c@wufoo.com', 'Marney', 'Batters', '1991-6-7', '80-062-2352'),
(50, 'ogiraudat1d', 'ogiraudat1d@bravesites.com', 'Osmund', 'Giraudat', '2001-1-26', null),
(51, 'iabramamov1e', 'iabramamov1e@admin.ch', 'Izak', 'Abramamov', '1986-3-17', null),
(52, 'jlittrell1f', 'jlittrell1f@listmanage.com', 'Jayme', 'Littrell', '2004-1-16', null),
(53, 'bmaddison1g', 'bmaddison1g@ebay.com', 'Bradly', 'Maddison', '1990-2-20', '28-879-8598'),
(54, 'slaneham1h', 'slaneham1h@japanpost.jp', 'Spenser', 'Laneham', '1966-5-28', null),
(55, 'tweeden1i', 'tweeden1i@i2i.jp', 'Tiler', 'Weeden', '2006-6-27', '22-716-7450'),
(56, 'kfatharly1j', 'kfatharly1j@who.int', 'Ketty', 'Fatharly', '1955-11-26', '70-140-8206'),
(57, 'bstilwell1k', 'bstilwell1k@deliciousdays.com', 'Britteny', 'Stilwell', '1942-10-7', null),
(58, 'bwhaymand1l', 'bwhaymand1l@wunderground.com', 'Berenice', 'Whaymand', '2019-12-3', null),
(59, 'nprati1m', 'nprati1m@exblog.jp', 'Nada', 'Prati', '1971-5-10', null),
(60, 'ccrosscombe1n', 'ccrosscombe1n@reference.com', 'Cort', 'Crosscombe', '2012-6-2', null),
(61, 'tbyrne1o', 'tbyrne1o@whitehouse.gov', 'Tandi', 'Byrne', '1949-2-2', '01-412-0460'),
(62, 'eshenfish1p', 'eshenfish1p@cyberchimps.com', 'Ernest', 'Shenfish', '1984-9-24', '25-419-5698'),
(63, 'ckerby1q', 'ckerby1q@slate.com', 'Cherice', 'Kerby', '1954-12-20', null),
(64, 'ktringham1r', 'ktringham1r@surveymonkey.com', 'Killian', 'Tringham', '2017-8-9', '04-436-8213'),
(65, 'gmully1s', 'gmully1s@miitbeian.govcn', 'Georgeta', 'Mully', '1994-7-6', '25-525-0414'),
(66, 'rireland1t', 'rireland1t@cdbaby.com', 'Reese', 'Ireland', '1997-2-21', '88-416-5780'),
(67, 'ghatley1u', 'ghatley1u@artisteer.com', 'Gabriela', 'Hatley', '1950-8-8', null),
(68, 'fwretham1v', 'fwretham1v@statcounter.com', 'Friederike', 'Wretham', '2021-9-5', '43-712-3242'),
(69, 'rrubinchik1w', 'rrubinchik1w@cnbc.com', 'Riordan', 'Rubinchik', '1998-10-22', '53-711-6277'),
(70, 'eliebermann1x', 'eliebermann1x@biblegateway.com', 'Editha', 'Liebermann', '1969-1-21', '93-556-0212'),
(71, 'acrush1y', 'acrush1y@thetimes.couk', 'Ambur', 'Crush', '2013-3-17', '84-692-7342'),
(72, 'fdemattia1z', 'fdemattia1z@irs.gov', 'Fonsie', 'Mattia', '1971-7-31', null),
(73, 'wjozsef20', 'wjozsef20@mail.ru', 'Walton', 'Jozsef', '1947-12-18', null),
(74, 'mlewsey21', 'mlewsey21@dagondesign.com', 'Mellisa', 'Lewsey', '2021-1-12', '10-331-3898'),
(75, 'jczajkowski22', 'jczajkowski22@wikimedia.org', 'Jodi', 'Czajkowski', '1943-12-25', null),
(76, 'dwalewski23', 'dwalewski23@nba.com', 'Dael', 'Walewski', '1982-7-27', null),
(77, 'nsinnat24', 'nsinnat24@mail.ru', 'Nydia', 'Sinnat', '1976-9-21', '57-861-4621'),
(78, 'dburwell25', 'dburwell25@examiner.com', 'Dedie', 'Burwell', '1966-8-21', '48-621-1818'),
(79, 'bgleed26', 'bgleed26@jalbum.net', 'Benjy', 'Gleed', '2018-2-23', '39-890-5647'),
(80, 'ntinner27', 'ntinner27@miitbeian.govcn', 'Neale', 'Tinner', '1973-6-28', '14-764-7956'),
(81, 'dgateley28', 'dgateley28@constantcontact.com', 'Debera', 'Gateley', '2001-9-11', '50-979-7301'),
(82, 'fbridgeman29', 'fbridgeman29@pinterest.com', 'Franz', 'Bridgeman', '1970-11-16', '58-554-9437'),
(83, 'egumm2a', 'egumm2a@marketwatch.com', 'Erina', 'Gumm', '1952-9-14', '31-943-8228'),
(84, 'jbouldstridge2b', 'jbouldstridge2b@nymag.com', 'Jeanie', 'Bouldstridge', '2021-6-4', '81-172-3269'),
(85, 'vtutin2c', 'vtutin2c@mashable.com', 'Vinnie', 'Tutin', '1959-4-21', null),
(86, 'orubertelli2d', 'orubertelli2d@discuz.net', 'Orsa', 'Rubertelli', '1998-6-18', null),
(87, 'cchillingworth2e', 'cchillingworth2e@mediafire.com', 'Celina', 'Chillingworth', '2007-10-7', '26-445-7884'),
(88, 'aheaysman2f', 'aheaysman2f@issuu.com', 'Abbot', 'Heaysman', '1989-7-1', '40-173-3534'),
(89, 'cbrosius2g', 'cbrosius2g@google.comhk', 'Constantine', 'Brosius', '1964-8-13', null),
(90, 'fcowlam2h', 'fcowlam2h@prlog.org', 'Florian', 'Cowlam', '2005-9-21', null),
(91, 'mjanicek2i', 'mjanicek2i@fda.gov', 'Malanie', 'Janicek', '1959-10-29', '15-909-1421'),
(92, 'crawcliffe2j', 'crawcliffe2j@ucla.edu', 'Carlye', 'Rawcliffe', '1959-12-11', null),
(93, 'llanfranconi2k', 'llanfranconi2k@facebook.com', 'Lenard', 'Lanfranconi', '2006-9-1', null),
(94, 'dsilliman2l', 'dsilliman2l@typepad.com', 'Dominique', 'Silliman', '2013-1-20', null),
(95, 'amulligan2m', 'amulligan2m@odnoklassniki.ru', 'Axel', 'Mulligan', '2002-4-13', '79-213-0515'),
(96, 'lschoffler2n', 'lschoffler2n@google.combr', 'Lorene', 'Schoffler', '2019-11-22', '11-159-7049'),
(97, 'rcasbon2o', 'rcasbon2o@nydailynews.com', 'Rossy', 'Casbon', '1965-2-5', '93-136-3039'),
(98, 'agatsby2p', 'agatsby2p@indiatimes.com', 'Averell', 'Gatsby', '1971-9-30', null),
(99, 'akmiec2q', 'akmiec2q@taobao.com', 'Ami', 'Kmiec', '2002-1-21', '10-816-6087'),
(100, 'tgoodsal2r', 'tgoodsal2r@edublogs.org', 'Talbert', 'Goodsal', '1942-4-14', null);

INSERT INTO PRODUCER (ID, PRODUCER_NAME, ADDRESS) VALUES
(1, 'Heidenreich-Mayer', '477 Hoffman Crossing'),
(2, 'Hayes Group', '8 Novick Street'),
(3, 'Goyette, Dietrich and Cassin', '995 Cambridge Street'),
(4, 'Conn Group', '093 Kings Alley'),
(5, 'Simonis, Daniel and Wintheiser', '9 Hovde Avenue'),
(6, 'Sporer LLC', '8365 Muir Drive'),
(7, 'Howell-Lebsack', '3 Scoville Terrace'),
(8, 'Douglas, Padberg and Rath', '8 La Follette Lane'),
(9, 'Nicolas, Von and Hermann', '68084 Harper Lane'),
(10, 'Blick-Hills', '7090 Dwight Parkway'),
(11, 'Conner and Sons', '82766 Hanson Junction'),
(12, 'Runte, Greenfelder and Morar', '52 Eastlawn Junction'),
(13, 'Bruen Group', '35 Nobel Lane'),
(14, 'Simonis-Beier', '659 Sage Parkway'),
(15, 'Nitzsche, Schowalter and Carter', '4343 Rieder Crossing'),
(16, 'Padberg, Torp and Parisian', '0162 2nd Lane'),
(17, 'Cummerata, Gerhold and Gislason', '92320 Hudson Place'),
(18, 'Stroman-Mann', '34 Almo Avenue'),
(19, 'Gerlach and Sons', '24 Almo Point'),
(20, 'Mertz Group', '2 Mandrake Point');

INSERT INTO PRODUCT (ID, PRODUCT_CODE, PRODUCT_NAME, PRODUCT_PRICE, ADULTS_ONLY, DESCRIPTION, PRODUCER_ID) VALUES
(1, '58394-014', 'Chivas Regal - 12 Year Old', 16.29, false, 'Befv mcmo tgzs rpgt zcpb', 1),
(2, '55319-866', 'Fennel', 38.49, false, 'Lbyq bfwo pqux mppe tjpq', 2),
(3, '0008-0407', 'Muffin Batt - Ban Dream Zero', 14.85, false, 'Sujh xcjs dhjx djeb vbdp', 3),
(4, '43063-180', 'Juice - Orange', 15.44, false, 'Wycr opyw flxp gwnj wmoh', 4),
(5, '14222-2022', 'Crush - Cream Soda', 87.54, false, 'Rykb fnlv tkka biqw ladq', 2),
(6, '11523-7310', 'Wine - Alsace Riesling Reserve', 47.61, true, 'Ipry vtsy nlzj tpcy flmt', 5),
(7, '54340-777', 'Syrup - Monin - Granny Smith', 90.45, true, 'Uddx nawi upas ocfs hrjr', 6),
(8, '68180-556', 'Chutney Sauce - Mango', 93.19, false, 'Euiw gcax ftzl ujxy cpvj', 7),
(9, '0268-1264', 'Cream - 35%', 44.04, false, 'Qrlp nqmg olcd femc zsex', 8),
(10, '49288-0915', 'Cut Wakame - Hanawakaba', 86.13, false, 'Gavd nlja qzel ghan rjnt', 5),
(11, '33261-353', 'Cheese - Mozzarella', 61.91, false, 'Qzal rtsu qcpn hmrn xnuf', 9),
(12, '49483-242', 'Kolrabi', 23.97, true, 'Auhj juon xuan jgpi vyyk', 10),
(13, '51655-118', 'Ecolab - Medallion', 75.78, true, 'Xfkp cbqn rrhl zfqo jovo', 11),
(14, '68084-618', 'Beef - Bones, Cut - Up', 15.19, false, 'Wwas uzxa vtmt fzgh cuvc', 12),
(15, '63548-3602', 'Oysters - Smoked', 78.4, false, 'Ruio joai ofiv fqie ugdu', 13),
(16, '52698-001', 'Garam Masala Powder', 13.74, false, 'Zade baaj jesj gedk qpca', 14),
(17, '37000-809', 'Rolled Oats', 31.66, false, 'Vhxh encl jjcs hbkm gfib', 1),
(18, '63304-580', 'Capon - Breast, Double, Wing On', 56.66, false, 'Jssu oxyf mhuo fbzh kwzg', 15),
(19, '52125-581', 'Veal - Heart', 68.28, true, 'Kagq sxgu bhkw qzaf irhs', 16),
(20, '33261-367', 'Wine - Magnotta - Red, Baco', 46.67, false, 'Qiql edhs ybfl gksd fhso', 11),
(21, '0378-4595', 'Brandy - Orange, Mc Guiness', 73.91, true, 'Cfqu uifx jdze bhxy zaxj', 7),
(22, '10544-169', 'Ecolab Silver Fusion', 84.09, false, 'Xhwo tnyz yhcs kiaz iidk', 10),
(23, '55316-578', 'Food Colouring - Orange', 56.52, false, 'Fado itlr chtf xtxt melk', 10),
(24, '61360-2020', 'Chicken - White Meat, No Tender', 21.16, true, 'Hnkl rvgp ivkd ewdp ojke', 17),
(25, '11410-007', 'Foie Gras', 93.03, true, 'Gxuw olcl xkri mhrh lpeg', 15),
(26, '49967-029', 'Rolled Oats', 89.7, false, 'Qnpo jaty xifh tlld dcnx', 8),
(27, '55154-6920', 'Carbonated Water - Blackcherry', 62.1, true, 'Sytf kodk ltbt wqir rbyx', 8),
(28, '49348-680', 'Veal - Chops, Split, Frenched', 9.03, false, 'Tjfn pphd afdx gjij hkei', 18),
(29, '0615-3544', 'Cookie Choc', 75.47, false, 'Besu bajs zdxp azly jytn', 19),
(30, '27281-007', 'Vermouth - Sweet, Cinzano', 71.22, false, 'Czrl zrvy dlgl gwon lznu', 13),
(31, '0054-0020', 'Smirnoff Green Apple Twist', 92.41, false, 'Jtnm wmas bija gsoc cdwz', 20),
(32, '62802-406', 'Glycerine', 86.65, false, 'Fpgi axba axil uufc izxk', 10),
(33, '62584-977', 'Eel - Smoked', 9.27, false, 'Zkrm bkvm hido wswz xpcz', 20),
(34, '68258-6023', 'Chickensplit Half', 1.29, true, 'Jlea pzdu chtb srjr rfcp', 3),
(35, '68788-9826', 'Carrots - Purple, Organic', 23.49, false, 'Ulpw joxp axnx xcfb cvqb', 1),
(36, '51009-167', 'Broom And Broom Rack White', 22.12, false, 'Xknk uqvg nfmd thkw czyu', 13),
(37, '55319-529', 'Mushroom - Chanterelle, Dry', 2.16, false, 'Unnn azxm aobc lxjx axmy', 7),
(38, '24470-910', 'Tea - Orange Pekoe', 22.01, false, 'Ofod lptx ebdp qtfi zrcn', 19),
(39, '60560-1072', 'Wine - Chablis J Moreau Et Fils', 61.51, false, 'Ragn nfle zfdf uhmu pgjd', 7),
(40, '49884-071', 'Wine - Remy Pannier Rose', 44.61, false, 'Tihk ravh rpgp gzpi ppbs', 16),
(41, '55316-469', 'Garbage Bag - Clear', 49.08, true, 'Eatb nmyk ufwi tbeo ofpr', 6),
(42, '21695-352', 'Spoon - Soup, Plastic', 27.21, true, 'Riuj komb hnsg wpst kunp', 3),
(43, '11819-282', 'Soup - Base Broth Chix', 69.58, true, 'Gitn mjqr wuzv lqbx gyae', 17),
(44, '41250-648', 'Sugar - Brown', 64.84, true, 'Whvw cwcf qjye ckue cinl', 7),
(45, '36987-2262', 'Bread - English Muffin', 90.45, true, 'Pfxo guue gozj frnh manc', 12),
(46, '21130-235', 'Cornish Hen', 43.62, true, 'Qxez fkpd hlfb nker jqsw', 7),
(47, '33261-867', 'Sweet Pea Sprouts', 99.59, false, 'Xgwb vitr sgnk hyrk fjuu', 13),
(48, '43547-253', 'Pork - Sausage, Medium', 28.75, true, 'Iimv reqh mdnp lzmj tuzg', 15),
(49, '42002-516', 'Shrimp - Black Tiger 26/30', 43.43, true, 'Lbkf rrwq laxm qjbw xdyp', 3),
(50, '60919-1073', 'Pork - Chop, Frenched', 34.16, false, 'Crmc grnz zvqg qjnj eosg', 15);

INSERT INTO PURCHASE (ID, CUSTOMER_ID, PRODUCT_ID, QUANTITY, DATE_TIME) VALUES
(1, 85, 24, 4, '2018-06-14 09:46:57 -03:00'),
(2, 91, 23, 7, '2018-06-28 22:39:39 +05:00'),
(3, 27, 40, 4, '2017-12-08 21:08:56 -01:00'),
(4, 75, 28, 9, '2020-07-26 16:10:34 +04:00'),
(5, 53, 27, 16, '2019-11-03 12:13:43 -04:00'),
(6, 57, 18, 6, '2015-01-04 00:27:34 -04:00'),
(7, 84, 28, 10, '2016-09-25 07:15:30 +01:00'),
(8, 74, 41, 17, '2015-03-04 00:54:48 -04:00'),
(9, 56, 40, 14, '2020-06-21 12:20:48 -06:00'),
(10, 55, 27, 6, '2016-02-23 15:24:19 +06:00'),
(11, 50, 12, 7, '2017-09-04 02:46:34 +03:00'),
(12, 45, 7, 19, '2018-11-27 11:46:21 +04:00'),
(13, 18, 48, 3, '2016-10-08 18:44:30 +06:00'),
(14, 83, 21, 7, '2019-03-01 01:39:18 +05:00'),
(15, 10, 43, 12, '2020-09-28 10:28:24 +02:00'),
(16, 15, 9, 6, '2019-10-20 23:44:36 +07:00'),
(17, 58, 2, 6, '2016-03-08 17:00:39 +06:00'),
(18, 65, 8, 10, '2016-08-17 21:12:27 -02:00'),
(19, 65, 45, 5, '2018-03-19 09:57:52 -03:00'),
(20, 56, 41, 12, '2018-09-25 18:17:04 -05:00'),
(21, 16, 34, 5, '2020-09-12 17:34:11 -01:00'),
(22, 41, 35, 13, '2018-11-30 20:35:17 +06:00'),
(23, 18, 3, 6, '2020-02-20 13:34:26 -02:00'),
(24, 99, 38, 16, '2017-02-12 09:23:21 -01:00'),
(25, 33, 1, 6, '2016-02-17 14:55:54 +02:00'),
(26, 57, 5, 13, '2016-05-29 00:48:55 +06:00'),
(27, 22, 25, 8, '2016-06-10 23:14:09 -07:00'),
(28, 21, 21, 1, '2016-12-23 08:41:16 -03:00'),
(29, 22, 14, 6, '2017-10-12 20:08:30 -01:00'),
(30, 3, 7, 17, '2017-01-17 08:28:36 +01:00'),
(31, 48, 32, 17, '2020-10-03 10:08:39 -08:00'),
(32, 53, 5, 6, '2018-12-25 03:38:00 +05:00'),
(33, 97, 39, 14, '2019-04-05 03:27:41 -08:00'),
(34, 31, 24, 9, '2017-06-04 09:32:12 +05:00'),
(35, 59, 27, 14, '2020-09-07 19:05:44 -08:00'),
(36, 61, 22, 7, '2020-06-05 17:09:26 +04:00'),
(37, 8, 33, 5, '2019-04-05 14:19:53 +05:00'),
(38, 49, 4, 13, '2019-09-28 02:27:24 -02:00'),
(39, 61, 5, 5, '2017-08-10 15:17:58 -01:00'),
(40, 36, 41, 4, '2019-01-14 16:44:37 +04:00'),
(41, 97, 4, 6, '2020-12-10 22:42:26 -01:00'),
(42, 58, 36, 6, '2020-04-11 04:14:31 -01:00'),
(43, 89, 26, 11, '2019-08-22 20:04:08 +03:00'),
(44, 35, 3, 12, '2016-08-21 22:07:27 +01:00'),
(45, 15, 28, 20, '2020-01-04 11:32:49 +01:00'),
(46, 44, 21, 15, '2016-03-03 01:54:57 -03:00'),
(47, 17, 26, 16, '2018-03-19 06:23:28 -08:00'),
(48, 17, 19, 1, '2020-04-21 05:27:15 +01:00'),
(49, 95, 10, 7, '2016-03-03 01:35:51 -01:00'),
(50, 16, 43, 18, '2015-06-14 15:26:11 -04:00'),
(51, 22, 29, 13, '2020-05-01 08:10:49 Z'),
(52, 87, 44, 20, '2015-02-09 15:41:56 +01:00'),
(53, 1, 13, 2, '2015-12-16 17:14:14 -08:00'),
(54, 82, 49, 11, '2018-01-04 21:55:24 +02:00'),
(55, 70, 4, 10, '2019-07-18 03:22:47 +03:00'),
(56, 25, 21, 3, '2017-06-12 13:06:00 -04:00'),
(57, 60, 16, 17, '2018-05-16 19:16:51 +04:00'),
(58, 72, 20, 2, '2020-09-05 05:36:53 +06:00'),
(59, 86, 30, 6, '2018-05-17 09:08:58 +06:00'),
(60, 9, 26, 9, '2016-11-17 05:06:17 -05:00'),
(61, 77, 4, 5, '2020-11-23 07:03:26 +05:00'),
(62, 15, 32, 12, '2019-11-03 17:20:42 +03:00'),
(63, 73, 43, 4, '2019-10-14 16:28:28 -06:00'),
(64, 91, 2, 3, '2020-07-04 05:08:02 -01:00'),
(65, 55, 50, 11, '2018-02-15 11:37:27 +04:00'),
(66, 32, 16, 3, '2017-10-13 13:47:29 -05:00'),
(67, 86, 41, 9, '2017-08-30 14:48:06 Z'),
(68, 79, 15, 20, '2019-02-05 23:53:20 -01:00'),
(69, 19, 25, 2, '2015-11-25 20:20:18 -01:00'),
(70, 62, 43, 10, '2018-08-31 22:22:41 +04:00'),
(71, 46, 32, 19, '2015-01-03 02:07:29 +02:00'),
(72, 100, 23, 2, '2015-01-16 18:59:09 -06:00'),
(73, 100, 17, 13, '2020-03-08 00:44:37 +05:00'),
(74, 37, 2, 2, '2015-07-17 21:33:55 -07:00'),
(75, 93, 7, 3, '2017-03-10 19:56:55 -04:00'),
(76, 3, 19, 14, '2019-10-17 12:27:24 -05:00'),
(77, 41, 45, 2, '2019-01-13 22:33:48 +07:00'),
(78, 51, 50, 9, '2019-02-16 05:44:51 -03:00'),
(79, 17, 48, 15, '2017-01-18 05:48:03 Z'),
(80, 60, 35, 17, '2017-01-01 12:15:28 +07:00'),
(81, 90, 34, 8, '2015-03-20 10:44:18 -06:00'),
(82, 94, 16, 5, '2016-02-09 02:18:01 -05:00'),
(83, 44, 32, 19, '2016-09-14 11:50:50 -07:00'),
(84, 96, 25, 16, '2018-01-26 20:34:44 +01:00'),
(85, 60, 8, 5, '2019-12-29 20:40:16 +06:00'),
(86, 15, 29, 8, '2019-12-01 12:02:56 -07:00'),
(87, 17, 38, 20, '2015-02-09 10:38:49 Z'),
(88, 6, 30, 6, '2020-10-03 05:03:41 -08:00'),
(89, 83, 39, 6, '2018-09-26 07:48:31 -05:00'),
(90, 93, 23, 3, '2018-01-09 12:22:43 -05:00'),
(91, 20, 1, 17, '2018-11-10 22:17:57 +01:00'),
(92, 98, 24, 8, '2017-05-13 12:00:25 +06:00'),
(93, 87, 43, 1, '2015-08-15 22:13:48 -07:00'),
(94, 27, 46, 4, '2019-08-04 02:16:29 +06:00'),
(95, 31, 6, 10, '2015-04-25 16:57:46 +06:00'),
(96, 10, 31, 6, '2016-06-03 11:16:08 +07:00'),
(97, 29, 20, 13, '2016-10-05 22:48:09 Z'),
(98, 15, 5, 4, '2018-09-21 10:05:25 -02:00'),
(99, 30, 3, 3, '2017-07-01 08:44:15 -06:00'),
(100, 4, 45, 3, '2016-03-27 15:47:38 -06:00'),
(101, 21, 40, 1, '2016-02-13 23:50:03 -08:00'),
(102, 46, 31, 18, '2020-09-12 18:17:22 +02:00'),
(103, 53, 21, 13, '2017-06-14 00:57:52 +07:00'),
(104, 43, 41, 5, '2016-03-21 02:16:23 +07:00'),
(105, 41, 6, 13, '2018-08-11 06:14:59 Z'),
(106, 68, 35, 17, '2018-02-07 07:26:27 +04:00'),
(107, 20, 34, 3, '2018-10-08 09:01:14 -07:00'),
(108, 98, 13, 13, '2018-01-07 09:35:41 +04:00'),
(109, 26, 10, 3, '2016-11-12 19:12:17 -04:00'),
(110, 62, 5, 1, '2020-06-12 18:58:43 +07:00'),
(111, 20, 30, 19, '2018-03-08 08:16:12 -08:00'),
(112, 79, 40, 10, '2020-01-05 01:01:35 -05:00'),
(113, 52, 45, 5, '2016-07-17 19:31:05 -03:00'),
(114, 26, 50, 9, '2018-05-03 16:32:27 -07:00'),
(115, 6, 29, 13, '2019-09-23 05:30:43 -07:00'),
(116, 100, 34, 13, '2015-01-16 18:30:46 +04:00'),
(117, 66, 35, 1, '2017-09-04 07:57:43 +06:00'),
(118, 46, 48, 19, '2017-04-05 09:50:01 +03:00'),
(119, 55, 10, 6, '2019-06-05 05:37:06 -04:00'),
(120, 36, 10, 15, '2015-09-04 16:59:44 -05:00'),
(121, 79, 20, 3, '2015-06-11 16:02:26 +06:00'),
(122, 38, 45, 9, '2016-02-28 07:24:45 +01:00'),
(123, 40, 5, 9, '2018-03-14 02:20:44 +06:00'),
(124, 87, 8, 12, '2019-04-04 19:46:29 -02:00'),
(125, 28, 13, 14, '2016-06-08 20:14:27 Z'),
(126, 24, 9, 1, '2019-11-30 02:49:27 +01:00'),
(127, 31, 28, 8, '2020-05-25 14:17:00 -06:00'),
(128, 85, 41, 1, '2017-07-30 18:51:56 +02:00'),
(129, 65, 36, 9, '2019-09-08 10:17:52 +07:00'),
(130, 83, 13, 18, '2016-06-08 20:58:28 -02:00'),
(131, 44, 14, 17, '2017-09-20 12:19:26 -04:00'),
(132, 76, 24, 18, '2019-03-20 18:40:33 -02:00'),
(133, 3, 35, 2, '2016-02-12 13:25:25 -03:00'),
(134, 52, 41, 20, '2018-04-13 13:19:45 -05:00'),
(135, 27, 9, 19, '2015-12-11 09:19:24 +05:00'),
(136, 52, 36, 3, '2018-09-19 17:38:50 -05:00'),
(137, 27, 4, 6, '2017-01-04 10:39:37 -04:00'),
(138, 62, 43, 14, '2015-07-18 19:56:44 +01:00'),
(139, 48, 1, 14, '2016-10-15 09:42:39 -06:00'),
(140, 59, 39, 20, '2015-07-14 07:01:46 -02:00'),
(141, 60, 14, 12, '2019-10-26 06:50:38 -08:00'),
(142, 40, 12, 15, '2020-07-13 13:39:40 +07:00'),
(143, 87, 3, 4, '2018-08-28 08:03:06 -02:00'),
(144, 23, 44, 9, '2018-08-31 06:58:08 -03:00'),
(145, 42, 25, 1, '2018-04-05 12:05:11 -03:00'),
(146, 89, 4, 20, '2018-01-19 00:02:02 -05:00'),
(147, 12, 21, 4, '2018-08-10 16:10:31 +06:00'),
(148, 74, 44, 8, '2020-10-20 22:53:45 -08:00'),
(149, 87, 29, 19, '2019-08-12 22:49:16 -04:00'),
(150, 24, 11, 7, '2019-07-01 16:03:08 +05:00'),
(151, 70, 46, 17, '2015-01-20 12:04:46 +02:00'),
(152, 6, 48, 20, '2017-07-13 02:16:48 +04:00'),
(153, 2, 31, 5, '2020-09-04 20:54:54 -04:00'),
(154, 97, 24, 1, '2017-01-08 19:25:58 +07:00'),
(155, 69, 19, 9, '2016-01-13 13:43:33 -06:00'),
(156, 63, 18, 12, '2019-04-28 08:04:51 -05:00'),
(157, 26, 23, 18, '2020-11-02 17:49:41 -03:00'),
(158, 15, 26, 3, '2018-01-17 08:02:16 +07:00'),
(159, 57, 36, 3, '2017-10-04 08:16:32 +02:00'),
(160, 52, 16, 12, '2016-01-17 15:08:57 +01:00'),
(161, 65, 25, 15, '2017-12-11 12:32:38 +01:00'),
(162, 38, 34, 9, '2019-06-08 21:07:46 -07:00'),
(163, 100, 15, 15, '2015-08-11 14:14:07 Z'),
(164, 11, 45, 11, '2015-05-10 04:49:32 +04:00'),
(165, 25, 10, 3, '2020-02-27 23:00:11 -08:00'),
(166, 59, 27, 10, '2018-12-15 13:27:08 -06:00'),
(167, 100, 2, 4, '2017-02-16 15:58:50 -08:00'),
(168, 22, 25, 14, '2020-10-21 02:32:46 -06:00'),
(169, 35, 34, 19, '2015-05-24 20:47:11 +01:00'),
(170, 33, 50, 3, '2016-09-26 13:09:32 +05:00'),
(171, 37, 10, 19, '2018-01-23 06:22:23 -05:00'),
(172, 98, 17, 2, '2016-05-22 01:09:00 -06:00'),
(173, 61, 13, 20, '2018-05-01 09:29:56 -04:00'),
(174, 87, 28, 8, '2017-11-19 06:49:46 +01:00'),
(175, 92, 5, 5, '2019-11-20 13:54:36 +03:00'),
(176, 58, 32, 10, '2015-06-02 04:34:00 +05:00'),
(177, 13, 25, 19, '2016-07-17 17:12:58 +01:00'),
(178, 82, 23, 16, '2019-04-15 00:21:40 +02:00'),
(179, 84, 15, 8, '2018-02-02 16:55:28 +03:00'),
(180, 4, 18, 11, '2020-06-09 12:40:24 -01:00'),
(181, 1, 26, 18, '2015-07-03 16:28:24 -04:00'),
(182, 88, 3, 14, '2018-01-01 11:45:10 -04:00'),
(183, 89, 20, 14, '2017-08-24 08:00:35 +02:00'),
(184, 69, 47, 3, '2017-02-22 20:42:00 -06:00'),
(185, 81, 23, 14, '2020-05-11 18:45:05 -07:00'),
(186, 14, 46, 16, '2015-01-18 07:03:24 -06:00'),
(187, 11, 48, 13, '2020-09-25 08:07:55 -08:00'),
(188, 64, 31, 20, '2017-07-18 06:14:40 +04:00'),
(189, 42, 9, 17, '2018-03-17 14:51:43 +01:00'),
(190, 82, 48, 3, '2016-10-14 00:48:22 -03:00'),
(191, 1, 19, 19, '2016-10-28 05:31:08 +05:00'),
(192, 5, 21, 6, '2016-04-12 09:29:01 +01:00'),
(193, 80, 9, 4, '2019-06-09 03:40:39 +02:00'),
(194, 43, 47, 13, '2016-11-06 09:10:07 -06:00'),
(195, 78, 47, 19, '2020-07-13 12:09:49 +05:00'),
(196, 8, 41, 19, '2019-12-26 03:57:15 -01:00'),
(197, 25, 26, 9, '2019-05-15 05:04:26 -08:00'),
(198, 5, 15, 10, '2015-12-05 16:20:16 -04:00'),
(199, 71, 9, 17, '2015-09-14 06:45:29 +04:00'),
(200, 72, 42, 14, '2015-01-28 18:19:02 +01:00'),
(201, 66, 39, 10, '2017-01-10 12:25:38 -03:00'),
(202, 15, 25, 6, '2017-04-11 23:03:49 -06:00'),
(203, 84, 32, 3, '2018-06-29 21:57:53 -01:00'),
(204, 76, 6, 1, '2015-02-14 10:38:33 +01:00'),
(205, 7, 23, 13, '2016-10-02 18:39:58 -06:00'),
(206, 41, 1, 5, '2019-10-27 01:35:04 +04:00'),
(207, 45, 25, 4, '2020-01-24 08:20:42 +07:00'),
(208, 9, 7, 19, '2020-01-18 06:56:28 +01:00'),
(209, 11, 4, 15, '2016-12-01 17:41:01 -04:00'),
(210, 84, 49, 14, '2020-05-06 02:22:56 -08:00'),
(211, 2, 32, 19, '2019-11-09 02:24:01 +07:00'),
(212, 4, 50, 14, '2017-01-27 09:38:36 +06:00'),
(213, 67, 22, 18, '2015-12-14 00:59:04 -02:00'),
(214, 35, 22, 18, '2015-01-10 20:49:54 -06:00'),
(215, 9, 37, 10, '2019-11-20 03:26:01 -03:00'),
(216, 76, 44, 8, '2019-11-29 04:24:43 +04:00'),
(217, 19, 47, 12, '2020-04-19 13:36:34 +01:00'),
(218, 20, 11, 10, '2018-09-28 00:23:26 -03:00'),
(219, 58, 32, 4, '2015-11-25 14:00:06 +03:00'),
(220, 55, 46, 7, '2020-02-19 02:09:49 -02:00'),
(221, 80, 35, 16, '2015-11-18 07:38:11 +03:00'),
(222, 86, 49, 14, '2020-06-21 11:43:48 -05:00'),
(223, 26, 1, 1, '2016-06-26 09:08:28 -06:00'),
(224, 41, 37, 8, '2016-05-24 04:52:37 +06:00'),
(225, 33, 47, 2, '2017-06-29 17:41:02 -03:00'),
(226, 12, 16, 19, '2015-01-23 19:53:47 +03:00'),
(227, 19, 13, 11, '2015-09-16 12:17:25 -02:00'),
(228, 66, 3, 6, '2018-12-06 23:17:59 -07:00'),
(229, 82, 48, 4, '2018-11-12 09:42:44 +05:00'),
(230, 2, 25, 11, '2017-02-08 08:18:40 -01:00'),
(231, 67, 5, 14, '2020-01-20 20:06:41 -06:00'),
(232, 18, 3, 4, '2019-10-23 17:26:22 -02:00'),
(233, 84, 37, 14, '2017-06-07 02:08:58 -06:00'),
(234, 99, 6, 2, '2017-11-10 17:29:57 +02:00'),
(235, 77, 45, 13, '2019-10-22 22:24:50 -06:00'),
(236, 85, 34, 15, '2020-01-26 16:54:48 +03:00'),
(237, 66, 11, 18, '2016-03-10 15:09:24 -03:00'),
(238, 84, 23, 20, '2018-10-24 17:58:18 -02:00'),
(239, 91, 10, 8, '2016-06-22 20:48:14 -08:00'),
(240, 22, 38, 6, '2018-11-20 11:26:50 -02:00'),
(241, 93, 16, 1, '2015-08-06 03:56:36 +05:00'),
(242, 81, 38, 9, '2018-09-06 03:28:32 Z'),
(243, 74, 8, 6, '2018-10-25 04:10:38 -06:00'),
(244, 73, 11, 16, '2015-07-14 18:57:27 +03:00'),
(245, 9, 6, 8, '2020-11-13 19:25:45 -08:00'),
(246, 26, 46, 12, '2016-02-24 10:35:45 +03:00'),
(247, 83, 19, 4, '2020-10-28 22:32:23 +03:00'),
(248, 54, 50, 4, '2018-06-05 02:00:18 -05:00'),
(249, 80, 23, 6, '2018-01-11 11:51:41 -08:00'),
(250, 26, 5, 14, '2018-08-12 02:42:59 -05:00'),
(251, 38, 11, 10, '2020-04-04 06:17:13 -02:00'),
(252, 58, 11, 9, '2020-07-24 11:34:14 -05:00'),
(253, 96, 17, 19, '2019-11-27 11:25:08 -02:00'),
(254, 100, 28, 18, '2016-07-26 11:28:01 -02:00'),
(255, 89, 39, 18, '2019-06-24 10:40:43 +03:00'),
(256, 72, 30, 12, '2017-01-11 04:24:55 +03:00'),
(257, 11, 30, 4, '2016-06-01 19:17:10 -06:00'),
(258, 41, 43, 13, '2018-10-09 13:14:43 +01:00'),
(259, 85, 46, 3, '2016-08-24 13:30:21 -06:00'),
(260, 65, 37, 8, '2020-01-30 15:36:00 -04:00'),
(261, 4, 5, 1, '2017-08-28 21:19:51 -04:00'),
(262, 29, 20, 5, '2016-06-08 17:59:49 +05:00'),
(263, 24, 31, 4, '2017-04-09 17:22:47 -02:00'),
(264, 40, 31, 8, '2020-09-16 14:29:26 -05:00'),
(265, 28, 25, 1, '2016-12-04 17:51:42 +05:00'),
(266, 41, 23, 7, '2020-11-06 03:16:54 -07:00'),
(267, 77, 6, 2, '2016-02-26 08:32:30 +05:00'),
(268, 67, 25, 10, '2016-02-04 16:36:22 -06:00'),
(269, 84, 18, 12, '2019-11-30 00:43:20 +02:00'),
(270, 90, 24, 6, '2020-08-28 15:18:58 Z'),
(271, 3, 43, 4, '2018-05-27 10:00:35 +02:00'),
(272, 49, 19, 18, '2017-09-21 11:31:35 -07:00'),
(273, 24, 31, 14, '2016-09-21 07:19:00 -07:00'),
(274, 85, 38, 14, '2017-12-16 13:41:45 +01:00'),
(275, 72, 16, 4, '2020-03-25 02:30:40 -03:00'),
(276, 35, 11, 10, '2019-02-22 10:28:00 -07:00'),
(277, 32, 8, 19, '2015-11-29 09:47:13 -02:00'),
(278, 55, 12, 7, '2016-05-23 16:10:34 +01:00'),
(279, 23, 29, 6, '2019-08-06 09:42:48 +07:00'),
(280, 41, 30, 4, '2020-05-12 04:57:15 +05:00'),
(281, 21, 13, 9, '2018-07-23 15:38:08 -04:00'),
(282, 48, 38, 6, '2018-06-23 14:38:04 +07:00'),
(283, 13, 32, 15, '2015-10-31 04:16:56 +02:00'),
(284, 86, 36, 10, '2020-04-02 15:59:27 -04:00'),
(285, 95, 38, 2, '2016-10-29 13:23:15 +02:00'),
(286, 45, 18, 16, '2016-03-29 01:34:31 Z'),
(287, 86, 22, 14, '2016-10-15 13:15:07 +07:00'),
(288, 41, 25, 9, '2017-08-17 15:48:31 -05:00'),
(289, 29, 25, 20, '2020-11-17 03:18:11 +07:00'),
(290, 35, 21, 11, '2020-06-23 14:08:18 +01:00'),
(291, 67, 2, 10, '2017-07-21 02:26:57 -02:00'),
(292, 15, 8, 11, '2016-06-22 14:34:16 -04:00'),
(293, 40, 32, 16, '2017-06-10 21:29:24 -08:00'),
(294, 26, 14, 5, '2015-08-26 20:28:45 -05:00'),
(295, 31, 48, 8, '2017-01-08 10:12:07 +02:00'),
(296, 51, 36, 8, '2016-10-27 22:13:43 -02:00'),
(297, 30, 37, 1, '2015-10-22 18:42:05 -06:00'),
(298, 86, 10, 19, '2016-09-29 01:13:34 -03:00'),
(299, 25, 11, 2, '2015-06-15 00:48:46 -05:00'),
(300, 73, 26, 18, '2019-05-17 17:06:57 -05:00');

INSERT INTO OPINION (ID, CUSTOMER_ID, PRODUCT_ID, STARS, COMMENT, DATE_TIME) VALUES
(1, 69, 39, 3, 'Giaa tuh zszyqsn rhqh wmidxby ezwxa', '2016-07-17 21:20:32 -05:00'),
(2, 94, 2, 3, 'Ncdk gaz dxlsblh zuxs shpaofs wssbs', '2018-02-07 08:56:46 +07:00'),
(3, 80, 4, 1, 'Xrku cvm nhukkdv rrxd sfmhwin cfppg', '2015-01-11 04:26:17 +07:00'),
(4, 29, 3, 3, 'Ofeo lik naiopnz omcf gwakbmk lncfs', '2015-08-11 11:42:20 +06:00'),
(5, 24, 29, 1, 'Pzwr igd grlkklc jpmm mhfrfwg vzdms', '2016-07-11 05:44:52 -04:00'),
(6, 55, 41, 5, 'Jbpf wua nliikjd vyca plhrfqx hjaek', '2017-08-31 10:12:06 +03:00'),
(7, 39, 46, 3, 'Bkqa sbu glwrina gieu ppgdnrm iyzpt', '2018-05-24 04:07:05 +05:00'),
(8, 75, 38, 2, 'Xeve zud runcvpd vxvu nxlxkvl cvjpt', '2017-05-06 20:39:06 -08:00'),
(9, 77, 42, 2, 'Wacu vlh fndicwn yjjy fdflgxp jakds', '2018-10-14 15:33:05 -02:00'),
(10, 98, 1, 4, 'Mhze fhp hkzviik ulix qrzzzyw mlqze', '2017-10-27 10:55:27 -07:00'),
(11, 44, 38, 1, 'Advg toq voptshg vhzp nrquevv iqkau', '2017-09-14 10:45:59 -03:00'),
(12, 85, 50, 4, 'Rgih lgr pjsxiyp nbhe fuqlvqm townk', '2018-03-20 20:00:15 +04:00'),
(13, 48, 24, 5, 'Uzxe evt dyqucnd vdzm kvpspml orpgr', '2016-04-19 20:48:47 +03:00'),
(14, 1, 41, 2, 'Sbtp ktc psuwrdh fxgz njjghiv zupzl', '2020-09-30 16:21:15 +06:00'),
(15, 28, 11, 1, 'Tzex iyy wexeken cuaq jksmsjs ctxvk', '2018-08-12 00:02:44 +02:00'),
(16, 53, 13, 1, 'Tnaq bln szqzybb hdgr hkeqgna lljrh', '2017-03-28 13:19:00 -08:00'),
(17, 71, 3, 4, 'Xegr ylz xjylmzk klqg zgiuvnk flnrv', '2018-01-28 22:48:58 +07:00'),
(18, 8, 22, 1, 'Cfko awp qvsenpz qwug zzlmvre adknu', '2019-10-28 19:47:18 +01:00'),
(19, 81, 39, 4, 'Jllb rhv ethzfic ptvk qmivrva qtsyi', '2019-08-27 04:55:02 +01:00'),
(20, 28, 17, 5, 'Kabh xoi utxugkj tjgy hrvurgj dsuhj', '2017-10-07 10:20:05 +02:00'),
(21, 27, 27, 1, 'Tkbd hfn rtiqzgo qvjx lqofojp ctzed', '2018-02-14 16:17:35 +04:00'),
(22, 49, 40, 4, 'Hprb qso fznqaqm tjfu yxvqkvc epkal', '2017-01-31 02:15:24 +07:00'),
(23, 9, 41, 2, 'Dlvs dlj gthnphp ugjl skemiqq wtgfi', '2017-02-07 10:12:57 -05:00'),
(24, 18, 15, 3, 'Vtcp zgz dqhfkjm maqy cejmgtb beoix', '2015-05-23 22:10:32 -07:00'),
(25, 61, 34, 1, 'Bqna uvl zwsvsxd bemf gkqybpx upxxj', '2020-11-02 20:26:47 -02:00'),
(26, 31, 12, 2, 'Lgkp oqa pdvrnon vzsl wrqptdp oemff', '2015-11-18 08:38:15 -06:00'),
(27, 92, 40, 1, 'Udvh hiv iwhnyul lloj ahozrph zexlc', '2018-01-17 04:58:07 +02:00'),
(28, 7, 1, 4, 'Brkf big eziumja lbgj akoahah cemwc', '2018-10-16 22:00:55 +06:00'),
(29, 4, 44, 1, 'Ysuq sde voqnkvq aoid clubhcq nmsyh', '2018-09-18 03:08:09 -08:00'),
(30, 26, 17, 2, 'Jlvc upd drszhtf ughl ioenuok yuipe', '2020-08-02 03:53:19 -06:00'),
(31, 74, 23, 4, 'Byhu fpi tqkxxzm csgj intupal wigaz', '2018-12-26 18:32:44 -01:00'),
(32, 66, 22, 4, 'Xydt rrj yjthksa fsrt sqbvzoe licmr', '2017-03-16 02:36:28 -01:00'),
(33, 76, 48, 2, 'Mhrj wgz klkybyr gmth ivefyfw jdzuz', '2020-01-29 15:36:45 -02:00'),
(34, 65, 5, 2, 'Gwsh iut knvjeke qond riaxfzk uncum', '2019-07-24 04:04:07 -03:00'),
(35, 33, 42, 4, 'Ihmr xyp zdfrhmk ysjo rfeegpu agbea', '2020-09-13 21:30:34 +05:00'),
(36, 94, 2, 2, 'Jcie aqa tljadqt mtou paggsst pewns', '2015-07-27 23:15:58 +04:00'),
(37, 40, 1, 3, 'Aali dcc zxxqbsi ndph limuajs yvjxq', '2017-09-30 05:19:01 -08:00'),
(38, 5, 3, 2, 'Qzoa jqx cgwmhtb qbsb kjdfyuq ebkgj', '2020-01-12 22:57:00 -02:00'),
(39, 32, 11, 5, 'Xpfq osl rvrbmlu fltc sccncwc elhpy', '2020-04-23 02:16:00 Z'),
(40, 35, 10, 5, 'Lvgs ybi uyrlssn uvhd tadbjdm jtswm', '2019-02-27 08:14:58 -08:00'),
(41, 35, 40, 5, 'Tmcl imz rqtdvan ahso fnsxvmr arzpd', '2019-01-19 03:51:12 Z'),
(42, 73, 29, 3, 'Ozie oyc ovfbmwe dngc nljnsnm stbyv', '2020-01-11 09:14:58 -06:00'),
(43, 80, 3, 4, 'Xoef onh ipxsvhk frkz qjgugjv mxnff', '2018-12-20 05:44:26 +06:00'),
(44, 6, 49, 1, 'Cwer poy sixmldr vzez fmqexps ibcwo', '2017-09-15 01:43:27 +05:00'),
(45, 9, 20, 3, 'Kcgc fgg timheqi xnpb uaxsguu wlmrp', '2020-07-07 05:47:29 +04:00'),
(46, 86, 25, 2, 'Gpjk nzn jrwkjhw gthj jgqsvaf piqmt', '2020-01-24 20:57:12 +07:00'),
(47, 9, 26, 2, 'Ozqi bhg byxcaod lhjy ykkukmg lhaxk', '2018-12-03 11:24:30 -08:00'),
(48, 8, 36, 3, 'Hjxb ibv oumlyil vhbg udwgnyk ckyty', '2015-07-02 04:19:43 -01:00'),
(49, 85, 29, 1, 'Zcgk ika wofkygy fpla npwdtmb vxrbs', '2020-02-27 12:13:32 +07:00'),
(50, 97, 14, 1, 'Dwzf uiz aebkfdm tkiq jtyribl uqsdf', '2016-06-14 00:13:37 -04:00'),
(51, 73, 2, 2, 'Vtog jga txmhfma vkor mjkxlhv rusip', '2019-09-11 12:26:57 +05:00'),
(52, 73, 36, 4, 'Mcrb zze tjpdvxt asia kqqkgqd rhtqr', '2016-02-22 14:21:53 +03:00'),
(53, 83, 19, 3, 'Ddxn nno ypjovyv tsso anijmkd tujof', '2018-09-17 06:16:47 -06:00'),
(54, 6, 11, 5, 'Eaxp npw shlcadu uocs aqicawv gndnm', '2019-03-03 11:35:21 -08:00'),
(55, 70, 1, 3, 'Zdap vgf cffbnco xmrg jyikaxm gknle', '2018-02-07 00:42:17 +06:00'),
(56, 80, 44, 4, 'Rtou iry ejuqpwa gglm pwdnhob yraqe', '2020-10-09 18:20:58 +03:00'),
(57, 72, 24, 2, 'Pepi lch hizcbzi nicz fdjfvgo rbybj', '2015-11-15 16:13:33 -04:00'),
(58, 16, 44, 1, 'Bbrp vbu nvrvpgv mmkc uvlfkec ntlhq', '2019-08-14 12:47:38 +04:00'),
(59, 92, 25, 2, 'Qeqa pfh wbqngoc yzsh nmunkmf mdquj', '2019-02-20 06:13:23 -03:00'),
(60, 52, 9, 5, 'Qtsg pbu ycgnpth zxrs mctbwau udzar', '2018-04-24 11:14:38 -08:00'),
(61, 69, 36, 4, 'Lqrt ghr vismtzm tgkr vbnryxt dnxsg', '2020-04-16 20:16:36 Z'),
(62, 23, 14, 4, 'Zcit xlg rbbgqza fmuh rfcvphf lzbka', '2020-09-05 16:52:55 +02:00'),
(63, 25, 8, 5, 'Wgug xum kfiltty eywu vaqkqyh eywef', '2018-07-09 17:53:36 -06:00'),
(64, 75, 10, 1, 'Srgh rsj odlvfij aese kwzlkxe qnkdx', '2019-08-05 04:59:13 -03:00'),
(65, 32, 46, 2, 'Ybea zhk muillcs fqyu oyekvwt fyosk', '2016-05-11 14:47:31 +02:00'),
(66, 85, 18, 2, 'Rvpe mqj dcvezlp fnrl fgkxtqy tmzbd', '2019-05-04 03:39:50 +05:00'),
(67, 10, 11, 4, 'Hxoj grf dwcklkz ahku uvyxlnd oyfnm', '2020-01-09 19:26:35 -05:00'),
(68, 21, 29, 2, 'Zdvb kfj axhkkzj fwug qotkxyq puvcg', '2018-12-08 09:56:51 -06:00'),
(69, 71, 29, 5, 'Kzjm dud rbqlghc ycsa hnwnspb vaxrt', '2018-07-06 10:55:55 +07:00'),
(70, 97, 46, 5, 'Shak buy kaolshw bkfe rpteaah rksxj', '2016-10-03 00:34:51 -04:00'),
(71, 62, 15, 5, 'Ltte hes cxszkpu brey kpiyfdb ydfju', '2016-03-03 21:52:54 +07:00'),
(72, 63, 42, 5, 'Lrtg kfc tclaskt arkf gyzszvt pugyz', '2018-06-24 15:39:28 +06:00'),
(73, 49, 26, 5, 'Imte tby wexswch dlgm emqolos znvkf', '2015-09-24 02:37:08 -07:00'),
(74, 90, 20, 2, 'Kiok lpj tyojcpw cobe cfcvqri jicbo', '2018-03-06 08:32:07 +03:00'),
(75, 11, 8, 2, 'Tjuj zrl hrzezux eibp kjqwnwi ddorl', '2015-12-25 09:45:47 +04:00'),
(76, 32, 50, 5, 'Qqat nzc ikkfmup eiux ybhdllz relun', '2016-12-13 01:45:57 +01:00'),
(77, 3, 22, 3, 'Zdix ckc ijnqxuf lavz zfklkoy cplif', '2016-11-03 22:34:56 +06:00'),
(78, 79, 24, 2, 'Dwse ola szlplnl mxwx btthzoq nvqcr', '2015-11-25 02:48:06 -04:00'),
(79, 99, 19, 4, 'Jsqm fbr hziblgo jnta hjxjrai zzvun', '2016-10-31 19:53:30 -03:00'),
(80, 13, 45, 2, 'Kknv jln gmamlqg xqlm puzjxbn remtx', '2015-10-15 20:31:03 Z'),
(81, 47, 11, 2, 'Qkyf rwz dlufgpj uzix dctubev ruvho', '2019-04-20 01:06:20 -08:00'),
(82, 41, 4, 4, 'Wpnx gsz leowddp ajbt ipuwecn anzit', '2020-04-05 04:58:39 -05:00'),
(83, 66, 33, 5, 'Zpuv udj xonkonb qaox gjwfgfg uskrj', '2016-07-21 20:17:04 -03:00'),
(84, 58, 17, 5, 'Ssuh gjm gugennc opks gsdoqah avcxw', '2017-05-14 03:06:00 +02:00'),
(85, 1, 29, 2, 'Gqbr eje cnxomog obqr rhlinrk xkkar', '2018-09-06 15:57:58 -05:00'),
(86, 87, 43, 5, 'Ejvs vkg ralkmau bbhn kbvuuuq uhabg', '2017-07-30 21:39:22 -01:00'),
(87, 27, 24, 3, 'Bjod ywx gszjfcj cnec lnxjwqx klzvh', '2018-09-24 04:01:38 +01:00'),
(88, 13, 17, 5, 'Uchc vnt mfinbni bspw xjwpmqh ropgc', '2018-06-08 12:45:48 +05:00'),
(89, 62, 26, 1, 'Cehr ods ajpqdxu akgj txypore mtlni', '2020-12-25 20:44:55 +07:00'),
(90, 73, 26, 2, 'Wltk pgb jxbaanp gljj jjignxj hqtep', '2017-11-28 22:21:11 -08:00'),
(91, 62, 6, 3, 'Cxeb ltj qajsdjo kaky wazpmgm xjvbs', '2019-10-31 00:49:16 +04:00'),
(92, 17, 35, 3, 'Lvtf wfk lzxxsdp qjon ntfeitf nlkkt', '2018-07-08 00:29:56 -05:00'),
(93, 9, 5, 5, 'Ysrp vkw nqveaqz svel ukkvoqs xtihw', '2016-12-29 14:27:41 +04:00'),
(94, 56, 34, 3, 'Pifd qjz rzxotpw ypns xyrpgxv xamaf', '2015-08-05 21:42:20 -07:00'),
(95, 84, 44, 3, 'Crmi wjy ppderzz tiwt sykgvag zctty', '2015-06-23 02:40:19 -07:00'),
(96, 68, 30, 3, 'Jjjd gqk mgebbmz feqt nmvawvw iayfw', '2018-08-15 08:46:42 +04:00'),
(97, 21, 36, 3, 'Shhf nyp ogwzpzq cohi wpwogqc yeecf', '2015-08-29 14:52:20 -03:00'),
(98, 35, 46, 4, 'Sjbu jmb fotpqof phax xbuyncn owvbu', '2018-08-17 09:53:48 -07:00'),
(99, 71, 29, 4, 'Imdv wnu kbbryrs gtwn reqdwnl drbxr', '2019-07-01 15:13:17 +03:00'),
(100, 44, 15, 4, 'Mcbi jnd agvafye podd tjzamhq xhpxz', '2015-04-30 21:39:28 -05:00'),
(101, 75, 48, 1, 'Tlpj ckt ilewfwu kouj ishdqkp hzuik', '2017-09-26 08:18:23 -04:00'),
(102, 80, 20, 4, 'Puxm mnk mcxaqit rflu aehaaop mrfgn', '2020-02-01 05:15:42 -05:00'),
(103, 16, 25, 4, 'Lgvc azs ykwhibk vsrs fdurwow shvez', '2020-01-08 12:30:22 Z'),
(104, 40, 3, 4, 'Uegc eaz lbkqxia ppgo xgwhpbd angnc', '2017-10-15 14:10:42 -08:00'),
(105, 55, 4, 3, 'Vhkg hrj xybydbx lzfu pynjhmq odbna', '2015-04-30 02:07:55 +01:00'),
(106, 24, 16, 2, 'Ybmu rxf akponky tior nxfvwxj chzxz', '2016-06-23 11:35:25 -07:00'),
(107, 31, 42, 3, 'Qpul xmf dxbtzmn plff yzaosrz ruucf', '2015-01-17 18:05:05 -03:00'),
(108, 86, 17, 1, 'Aqdz vvd qsauzix wagz jquajlw syrjh', '2019-05-17 23:30:11 -03:00'),
(109, 3, 10, 5, 'Hxur mpp sxzvizr gcpz ignrkcn mrqev', '2019-01-08 16:45:44 -02:00'),
(110, 74, 24, 2, 'Dkrr ngh lhskqec hqby phkzbcz psegi', '2020-11-03 14:50:59 -07:00'),
(111, 76, 14, 5, 'Blxx uqq drxizoy laix ypzqiyj ccxni', '2015-01-05 16:14:17 -04:00'),
(112, 71, 45, 1, 'Mahl yba sxiolcl upia lcvloya fqjhv', '2019-06-14 23:51:50 -02:00'),
(113, 19, 36, 5, 'Imxi few ijjyggz ugok clnjcza cbidh', '2015-01-06 00:59:05 +07:00'),
(114, 3, 21, 1, 'Goer nlw enybqrm nxhc xllldto moroa', '2019-05-27 00:12:11 Z'),
(115, 95, 1, 3, 'Fkvc uiv lcabjiy nekp zdofibd vmbwh', '2020-06-23 11:59:47 -02:00'),
(116, 76, 22, 5, 'Spwz wdn hvysoid ndme ekkyvbz felrm', '2020-05-29 15:40:48 -01:00'),
(117, 39, 47, 1, 'Ixel cpx jsieyfx ivwl dtpoawm shdrd', '2019-06-20 00:02:34 +02:00'),
(118, 37, 29, 5, 'Qeet uhr sgfbucb sxcv azyjpdt ekaiq', '2019-01-18 03:29:57 -01:00'),
(119, 75, 7, 1, 'Igmq fkb brhfbit rglu mehywyk cbyaj', '2017-04-24 19:48:15 +05:00'),
(120, 52, 2, 3, 'Nnjp ygx eiyrmuo lkko zipxizk htcvn', '2019-02-24 13:24:07 +04:00'),
(121, 22, 25, 5, 'Qmxw xfj vpcfeib qldt fcxmbcq excme', '2018-10-01 18:39:48 +03:00'),
(122, 93, 21, 1, 'Bfdu gjd sqqejgj yhpv wptjwjk wnenc', '2019-11-06 20:13:56 -03:00'),
(123, 31, 23, 5, 'Uopg hro jykrjns uhgq qohsbfl blnxm', '2016-01-31 01:31:31 -04:00'),
(124, 25, 4, 2, 'Mtfl zoj hfucbkc pbtn ntpwctz wxbxx', '2019-08-14 02:09:35 -02:00'),
(125, 85, 27, 3, 'Iaxm yrt dsbjxbb jmyo ludgzdg vnzro', '2019-02-19 05:05:42 -06:00'),
(126, 41, 42, 4, 'Scni cfp evjtpmj wbki anlyhdb xgzjl', '2017-12-12 18:00:35 Z'),
(127, 33, 50, 1, 'Ivkq mqe hiiwcyp vozh dqjhdmo aypgh', '2020-10-30 22:48:48 Z'),
(128, 35, 34, 3, 'Dwvj jag zwvuzss kvkh ayvccna bosyd', '2015-12-07 18:18:57 -06:00'),
(129, 93, 38, 5, 'Wtob nnq ccuovti pxdq ugfpasi ifecu', '2020-01-17 05:33:51 +01:00'),
(130, 32, 27, 4, 'Oxoo hwj vtbsrvr woxz idlcpgv byves', '2020-06-26 08:01:06 +05:00'),
(131, 52, 2, 5, 'Wiyc yuq vovnewq aojt zhfrvgc vvxfd', '2018-04-26 20:23:54 -01:00'),
(132, 4, 36, 3, 'Kzid uec eubrsaq xrrk epzskha vzrbr', '2020-08-03 11:30:19 -08:00'),
(133, 37, 21, 2, 'Utfs hxt gcstegx mffo sewunlk ictvp', '2019-05-29 04:09:38 Z'),
(134, 50, 31, 2, 'Rjek xyn fayivxx zaos dcsmodc kenca', '2019-10-02 22:03:43 +03:00'),
(135, 58, 39, 2, 'Wdhj udm bybelmv soap cmmqudk boxps', '2016-07-22 16:57:29 +02:00'),
(136, 49, 3, 5, 'Spvj uyi hryuxaf ueaz hxkbyou ubpiv', '2020-01-25 21:12:19 +01:00'),
(137, 88, 24, 4, 'Lcty zth qgwbxvm edxj qifonjr efcud', '2017-10-01 04:32:57 -06:00'),
(138, 91, 29, 3, 'Cinv ubc dcackyf njnp omsbdpa zvjmu', '2020-09-04 19:08:09 -03:00'),
(139, 56, 20, 4, 'Torf roe bfntcil tgwz txgfdbi ktksi', '2017-09-23 19:06:56 -02:00'),
(140, 57, 12, 1, 'Asjz ojb ncepuzm jhid qrzntqf vfnsb', '2018-12-15 06:14:59 +05:00');
